名字,uid,忍阶,状况,别名
梦生浮屠の风殇,207108897,影忍·四星,在职,
欧洲人,516571500,影忍·二星,在职,
筱湘,222147809,超忍,在职,筱雄
渣男“菜鸟”,713159726,影忍·三星,在职,
白野,200576521,影忍·三星,在职,
锦鲤,816725031,影忍·二星,在职,
欧皇★超,304412770,影忍·四星,在职,
欧皇克星,418895979,影忍,在职,
噼哩噗噜一顿跑,204085753,影忍,在职,
子见南子,208236785,影忍·四星,在职,
梦生丶小萌鱼,720058566,影忍·四星,在职,
倾心·巭孬嫑夯,408027411,影忍·四星,在职,
桃夭夭♥,600344885,影忍·四星,在职,
青辰溪,319399938,影忍,在职,
夕颜林枫,515064188,影忍·二星,在职,
CC_NightMarE,609153821,影忍·三星,在职,
梦生最菜の留白,218503049,影忍·三星,在职,
佩,818583031,影忍·四星,在职,
橙子味的草莓,604164357,影忍·五星,在职,
剑仙丶,306942386,影忍·三星,在职,
梦生の起点,205229929,影忍·四星,在职,
岁始一九,505238772,影忍·四星,在职,
小♥半,809080063,影忍·三星,在职,
名前のない私,713782510,影忍·二星,在职,
风花雪月的雁回,308119466,影忍·二星,在职,
梦生浅偿の初见,209028329,影忍·四星,在职,
梦生陶醉の凉凉,507351156,影忍·三星,在职,
梦生肥宅の小埋,309429258,影忍·三星,在职,
卖女孩的小火柴,119593072,影忍·一星,在职,
梦生养生の修修,114746144,影忍·三星,在职,
月半占戈,123263984,狂忍·三星,在职,
梦生凶残の罚叔,803999751,影忍·四星,在职,
梦生丶小鱼儿,605748925,影忍·五星,在职,
昱,718659342,影忍·一星,在职,
梦生疯癫の冰灵,515744500,影忍·三星,在职,
我是冰柠檬,508933180,影忍·四星,在职,
呵呵^_^爱你❤,806302799,影忍·二星,在职,
伍六七,804227359,影忍·四星,在职,
鞍山小伙,207697089,影忍·三星,在职,
木槿,404895971,影忍·四星,在职,
晓老地,606613885,影忍·四星,在职,
小末,423394739,超忍,在职,
梦生殊途の九曲,317296970,影忍·四星,在职,
鞍山道明寺❤,412493499,影忍·二星,在职,
胸不大没文化,500454924,影忍·五星,在职,
运气极佳欧皇拳,612982053,影忍·四星,在职,
梦生清闲の随风,300798026,影忍·三星,在职,
哲男,205064433,影忍,在职,
九荫争茎,417278563,影忍·四星,在职,
Akali,703871614,影忍·三星,在职,
清茗茗,716794094,影忍·三星,在职,
给本宫丶跪着,707494254,影忍,在职,
你猜猜,322608962,超忍·二星,在职,
17厘米王优秀,519903092,影忍,在职,
圆周率,702028110,影忍·四星,在职,
優,307963762,影忍,在职,
梦情殇终成伤,407328091,影忍·三星,出差,
梦生丶痴小鱼,806664383,超忍·三星,在职,
花葬夜,117340168,影忍·二星,在职,
栋哥4017,102719296,影忍,在职,
梦生璀璨の年华,414507003,影忍·四星,在职,
梦生非酋の浮尘,204622361,影忍·四星,在职,
梦生清闲の探姬,500789524,影忍·三星,在职,
梦生清闲の虎虎,204900609,极忍,在职,
赵大宝啊,204627481,影忍·三星,在职,
梦生非非のIVV,711942678,影忍·四星,在职,
甲乙,402437443,影忍·一星,在职,
2TUBI,406095051,影忍·四星,在职,
新疆大电,706382622,影忍·二星,在职,
醉柔情※恋己,602305917,影忍·五星,出差,
困兽之斗。,315415514,影忍·三星,在职,
运气不好虎牙牙,421004051,影忍·一星,在职,
污渍麻七拿了豆,806569719,影忍·一星,在职,
美子美了,113206808,影忍·四星,在职,
ღ᭄陌路灬,317342994,影忍·一星,在职,
梦生鲜肥の摆鱼,816418039,影忍·三星,在职,
无左北北,105196672,影忍·三星,在职,
孤儿血影受死,304753906,影忍·四星,在职,
love玉,121618208,影忍,在职,
欧气满满,100623632,影忍·四星,在职,
浅浮尘,816795183,影忍·三星,在职,
判迷,715537662,影忍·一星,在职,
布偶猫,308198850,影忍·四星,在职,
欲寄彩笺寻梦源,303678538,极忍,在职,
撒陈,801269135,影忍·四星,在职,
大碗宽面,423245067,超忍·一星,在职,
火箭少女唐显生,114617304,影忍·三星,在职,
梦生·花无缺,506278076,影忍·四星,在职,
